word,manually_syllabified_word
achilleus,a|chil|leus
achilleus',a|chil|leus'
achaier,a|chai|er
achaias,a|chai|as
achaiern,a|chai|ern
achaiischen,a|chai|i|schen
achairinnen,a|chai|rin|nen
achaierin,a|chai|er|in
achaierinnen,a|chai|er|in|nen
achaiermacht,a|chai|er|macht
achaiische,a|chai|isch|e
achaiisches,a|chai|isch|es
ais,a|is
odysseus,o|dys|seus
odysseus',o|dys|seus'
ajas,a|jas
ajas',a|jas'
idomeneus,i|do|me|neus
idomeneus',i|do|me|neus'
laertiad,la|er|ti|ad
laerkes,la|er|kes
laerkes',la|er|kes'
laertes,la|er|tes
laertes',la|er|tes'
orneia,or|nei|a
aber,a|ber
ätolern,ä|to|lern
ätolier,ä|to|lier
thoas,tho|as
ätoliens,ä|to|liens
akamas,a|ka|mas
thrakia,thra|ki|a
thrakiens,thra|ki|ens
thrakier,thra|ki|er
peiroos,pei|ro|os
here,he|re
athene,a|the|ne
athen',a|then'
athenäa,a|then|ä|a
athenens,a|the|nens
athener,a|the|ner
athen,a|then
athens,a|thens
athenä,a|the|nä
athenen,a|the|nen
athenäe,a|the|nä|e
athenäens,a|the|nä|ens
athenäer,a|the|nä|er
geschah,ge|schah
geschahen,ge|scha|hen
geschahn,ge|schahn
isandros,i|san|dros
hippolochos,hip|po|lo|chos
hippolochos',hip|po|lo|chos'
flehet',fle|het'
graue,grau|e
öneus,ö|neus
agamemnon,a|ga|mem|non
agamemnons,a|ga|mem|nons
atreus,a|treus
atreus',a|treus'
atreiden,a|trei|den
atreide,a|trei|de
atreid,a|treid
atreid',a|treid'
atreion,a|trei|on
atreionen,a|trei|o|nen
atreione,a|trei|o|ne
apollon,a|pol|lon
apollons,a|pol|lons
agastrophos,a|gas|tro|phos
agakles,a|ga|kles
agamede,a|ga|me|de
agapenor,a|ga|pe|nor
agasthenes,a|gas|the|nes
agathon,a|ga|thon
agaue,a|gau|e
epeier,e|pei|er
epeios,e|pei|os
epeiern,e|pei|ern
epeigeus,e|pei|geus
epeiischen,e|pei|i|schen
epeiros,e|pei|ros
laomedon,la|o|me|don
laomedons,la|o|me|dons
laodike,la|o|di|ke
menelaos',me|ne|la|os'
laodameia,la|o|da|mei|a
laodokos,la|o|do|kos
laogonos,la|o|go|nos
laothoe,la|o|tho|e
laodamas,la|o|da|mas
hippodameia,hip|po|da|mei|a
unglücklicher,un|glück|li|cher
unglück,un|glück
unglückseligen,un|glück|se|li|gen
pelegons,pe|le|gons
bergquells,berg|quells
durchglühete,durch|glü|he|te
durchglühte,durch|glüh|te
lagre,lag|re
langausreichende,lang|aus|rei|chen|de
unglückdrohende,un|glück|dro|hen|de
unglücklich,un|glück|lich
unglückliche,un|glück|li|che
unglücklichen,un|glück|li|chen
unglückselig,un|glück|se|lig
unglückselige,un|glück|se|li|ge
unglückseliger,un|glück|se|li|ger
unglücksseher,un|glücks|se|her
unsterblichen,un|sterb|li|chen
unsterbliche,un|sterb|li|che
unsterblicher,un|sterb|li|cher
heilsamen,heil|sa|men
bastard,bas|tard
heerskraft,heers|kraft
heilsamer,heil|sa|mer
heilsamsten,heil|sams|ten
unsterblich,un|sterb|lich
heilsam,heil|sam
austilgend,aus|til|gend
bundesopfer,bun|des|op|fer
dastand,da|stand
durchstieß,durch|stieß
erhabenste,er|ha|bens|te
erhabenster,er|ha|bens|ter
heilsames,heil|sa|mes
hellaustönender,hell|aus|tö|nen|der
hinsaust',hin|saust'
siegesstolzen,sie|ges|stol|zen
unstet,un|stet
austilgten,aus|tilg|ten
erhabensten,er|ha|bens|ten
fortschossen,fort|schos|sen
fortstreitet,fort|strei|tet
genistet,ge|nis|tet
gepriesenste,ge|prie|sen|ste
glückselig,glück|se|lig
glückseligen,glück|se|li|gen
lautaustönende,laut|aus|tö|nen|de
morgenstern,mor|gen|stern
trugsinnenden,trug|sin|nen|den
unsterbliches,un|sterb|li|ches
wurfspeers,wurf|speers
sarpedon,sar|pe|don
schwarze,schwar|ze
war's,war's
warfen,war|fen
kriegsarbeit,kriegs|ar|beit
danaervolk,da|na|er|volk
warze,war|ze
abarbarea,a|bar|ba|re|a
admetos',ad|me|tos'
adrastos',a|dras|tos'
ahnd',ahnd'
amphiklos,am|phi|klos
andr,andr
andr',andr'
anstürmt',an|stürmt'
antwortender,ant|wor|ten|der
arm',arm'
aufregt',auf|regt'
aufseufzt',auf|seufzt'
aufwölkt',auf|wölkt'
ausgeplündert,aus|ge|plün|dert
banden's,ban|den's
barbarischer,bar|ba|ri|scher
bebt',bebt'
bedarf,be|darf
bedarf's,be|darf's
bedarfst,be|darfst
bedeckt',be|deckt'
befestigt',be|fes|tigt'
befreit',be|freit'
begehrt',be|gehrt'
beid',beid'
bemerkt',be|merkt'
berg',berg'
berührt',be|rührt'
berührt's,be|rührt's
beschirmt',be|schirmt'
beschlug's,be|schlug's
beschwert',be|schwert'
beseelt',be|seelt'
beseufzt',be|seufzt'
besiegt',be|siegt'
bestellt',be|stellt'
bestimmt',be|stimmt'
beströmt',be|strömt'
beträufelt',be|träu|felt'
beugt',beugt'
bewahrt',be|wahrt'
bewegt',be|wegt'
bewundert',be|wun|dert'
blasebälg',bla|se|bälg'
blickt',blickt'
blieb',blieb'
blitzt',blitzt'
boagrios',bo|a|gri|os'
bohrt',bohrt'
bränd',bränd'
brüllt',brüllt'
bälg',bälg'
bändigt',bän|digt'
bäumt',bäumt'
chalkodons,chal|ko|dons
daherrollt',da|her|rollt'
dahinflohn,da|hin|flohn
dahinstarb,da|hin|starb
danaerfürsten,da|na|er|für|sten
danaervolke,da|na|er|vol|ke
dardanion,dar|da|ni|on
dardanionen,dar|da|ni|on|en
deckt',deckt'
dein's,dein's
der's,der's
dios',di|os'
dir's,dir's
donnert',don|nert'
drängt',drängt'
drückt',drückt'
duckt',duckt'
dunkelschwarz,dun|kel|schwarz
durchbohrt',durch|bohrt'
durcheilt',durch|eilt'
durchschmettert',durch|schmet|tert'
durchstürmt',durch|stürmt'
durchtobt',durch|tobt'
durchwandelt',durch|wan|delt'
ehrt',ehrt'
eifert',ei|fert'
eileithya,ei|lei|thy|a
eileithyen,ei|lei|thy|en
eilt',eilt'
eingeweid',ein|ge|weid'
einstürmt',ein|stürmt'
emporwarf,em|por|warf
empört',em|pört'
engt',engt'
entbebt',ent|bebt'
entehrt',ent|ehrt'
enteilt',ent|eilt'
entflammt',ent|flammt'
entflohn,ent|flohn
entführt',ent|führt'
entgegeneilend,ent|ge|gen|ei|lend
entraffend,ent|raf|fend
entrafft',ent|rafft'
entraffte,ent|raff|te
entrafftest,ent|raff|test
entrollt',ent|rollt'
entrückt',ent|rückt'
entschlich',ent|schlich'
entschlüpfend,ent|schlüp|fend
entschlüpft',ent|schlüpft'
entspritzt',ent|spritzt'
entstrahlt',ent|strahlt'
entwarf,ent|warf
epytos',e|py|tos'
er's,er's
erbebt',er|bebt'
erblickt',er|blickt'
ereifert',er|ei|fert'
ereilt',er|eilt'
erfuhr's,er|fuhr's
erfüllt',er|füllt'
ergrimmt',er|grimmt'
erhabenen,er|ha|be|nen
erhabener,er|ha|be|ner
erharrt',er|harrt'
erlegt',er|legt'
ermuntert',er|mun|tert'
erneu'n,er|neu'n
erregt',er|regt'
erschien',er|schien'
erschlagenen,er|schla|ge|nen
erschlagener,er|schla|ge|ner
erschüttert',er|schüt|tert'
erseufzt',er|seufzt'
ersonnenen,er|son|ne|nen
erstarrt',er|starrt'
ertrug's,er|trug's
erweckt',er|weckt'
erwärmenden,er|wär|men|den
erzarbeiter,erz|ar|bei|ter
erzbeschlagenen,erz|be|schla|ge|nen
erzblinkende,erz|blin|ken|de
erzblinkender,erz|blin|ken|der
erzeugt',er|zeugt'
erzgepanzerten,erz|ge|pan|zer|ten
erzgerüstete,erz|ge|rüs|te|te
erzgerüstetem,erz|ge|rüs|te|tem
erzgerüsteten,erz|ge|rüs|te|ten
erzgeschlagenen,erz|ge|schla|ge|nen
erzgeschmeid,erz|ge|schmeid
erzielt',er|zielt'
eschenem,e|sche|nem
eschenen,e|sche|nen
farbe,far|be
fausterfüllend,faust|er|fül|lend
fehlt',fehlt'
fehlt's,fehlt's
feind',feind'
feldruf,feld|ruf
feldrufs,feld|rufs
felsengestad',fel|sen|ge|stad'
ferngepriesenen,fern|ge|prie|se|nen
folgt',folgt'
formt',formt'
fragt',fragt'
freund',freund'
frohlockt',froh|lockt'
frommt',frommt'
fügt',fügt'
führt',führt'
füllt',füllt'
garben,gar|ben
garbenbinder,gar|ben|bin|der
gebirg',ge|birg'
gebührt's,ge|bührt's
gefiel's,ge|fiel's
gefährt',ge|fährt'
gefällt's,ge|fällt's
gelangt',ge|langt'
gelobt',ge|lobt'
gepriesenen,ge|prie|se|nen
gepriesener,ge|prie|se|ner
gepriesenes,ge|prie|se|nes
geschenk',ge|schenk'
geschmeid',ge|schmeid'
gesellt',ge|sellt'
gestad',ge|stad'
gestatt',ge|statt'
gewand',ge|wand'
gewährt',ge|währt'
gewölk',ge|wölk'
gezelt',ge|zelt'
geziemt',ge|ziemt'
geziemt's,ge|ziemt's
gib's,gib's
gilt's,gilt's
glutanfachenden,glut|an|fa|chen|den
glänzt',glänzt'
glückliche,glück|li|che
glücklichgeborner,glück|lich|ge|bor|ner
grad',grad'
haar',haar'
haarbusch,haar|busch
haben's,ha|ben's
halbes,hal|bes
half,half
halfen,hal|fen
halfter,half|ter
haliartos',ha|li|ar|tos'
harf,harf
harfe,har|fe
harfen,har|fen
harpalion,har|pa|li|on
harpye,har|py|e
harrt',harrt'
hat's,hat's
haut',haut'
heilt',heilt'
heldensohn,hel|den|sohn
hellblinkende,hell|blin|ken|de
helm',helm'
hemmt',hemmt'
hephästos',he|phäs|tos'
hephästos,he|phäs|tos
herumwarf,he|rum|warf
herwandelt',her|wan|delt'
herzuschwingen,her|zu|schwin|gen
hilf',hilf'
himmelentsprossenen,him|mel|ent|spros|se|nen
hinabgeflohn,hi|nab|ge|flohn
hinabgehn,hi|nab|gehn
hinabgeht,hi|nab|geht
hinabrinnt,hi|nab|rinnt
hinabrollt,hi|nab|rollt
hineilt',hin|eilt'
hineingehst,hi|nein|gehst
hing',hing'
hingeflohn,hin|ge|flohn
hinkt',hinkt'
hinkte,hink|te
hinkten,hink|ten
hinlenkt',hin|lenkt'
hinsetzt',hin|setzt'
hinstürmt',hin|stürmt'
hinstürzt',hin|stürzt'
hinwarf,hin|warf
hinwarfen,hin|war|fen
hocherhabenen,hoch|er|ha|be|nen
hochgepriesenen,hoch|ge|prie|se|nen
holt',holt'
hornarbeitende,horn|ar|bei|ten|de
hund',hund'
hundertrudriges,hun|dert|rud|ri|ges
hypothebe,hy|po|the|be
händ',händ'
hängt',hängt'
hört',hört'
hüllt',hüllt'
ich's,ich's
ihr's,ihr's
imbros',im|bros'
iphiklos,i|phi|klos
iphitos',i|phi|tos'
irrt',irrt'
ist's,ist's
jagt',jagt'
jammert',jam|mert'
jugendfreund',ju|gend|freund'
kalydons,ka|ly|dons
kampferschlagenen,kampf|er|schla|ge|nen
kaystrios',kay|stri|os'
kehrt',kehrt'
keladons,ke|la|dons
kephallener,ke|phal|le|ner
klappt',klappt'
klarheit,klar|heit
kriegesstaube,krie|ges|stau|be
kriegsarbeiten,kriegs|ar|bei|ten
kriegsgezelt',kriegs|ge|zelt'
kteatos',kte|a|tos'
kteatos,kte|a|tos
kunstarbeit,kunst|ar|beit
kunsterfahrensten,kunst|er|fah|ren|sten
kunsterfahrne,kunst|er|fahr|ne
kurzem,kur|zem
kämmt',kämmt'
lebt',lebt'
lechzt',lechzt'
leckerbereiteten,le|cker|be|rei|te|ten
legt',legt'
leichengewand',lei|chen|ge|wand'
leinenem,lei|ne|nem
leinenen,lei|ne|nen
lenkt',lenkt'
leonteus,le|on|teus
leonteus',le|on|teus'
liebt',liebt'
liegt's,liegt's
lockt',lockt'
lodert',lo|dert'
lokrer,lok|rer
lyktos',lyk|tos'
lästert',läs|tert'
lösegeschenk',lö|se|ge|schenk'
löst',löst'
löw',löw'
lügener,lü|ge|ner
mangelt',man|gelt'
marpissa,mar|pis|sa
medons,me|dons
merkt',merkt'
mich's,mich's
milcherfülleten,milch|er|fül|le|ten
mir's,mir's
mond',mond'
mühlsteinähnlichen,mühl|stein|ähn|li|chen
mütterlich,müt|ter|lich
neigt',neigt'
nestorid',nes|to|rid'
nickt',nickt'
onchestos',on|ches|tos'
opfert',op|fert'
oreithya,o|rei|thy|a
peleid',pe|leid'
pflegt',pflegt'
phlegyer,phle|gy|er
poseidons,po|sei|dons
prahlt',prahlt'
prangt',prangt'
quält',quält'
ragt',ragt'
ratschlüsse,rat|schlüs|se
raubt',raubt'
rauft',rauft'
regt',regt'
reizt',reizt'
rief's,rief's
rollt',rollt'
ruhmverklärten,ruhm|ver|klär|ten
rückgrat,rück|grat
rücklings,rück|lings
rückverfolgung,rück|ver|fol|gung
rückwärts,rück|wärts
rückwärtsfliegendem,rück|wärts|flie|gen|dem
rühmt',rühmt'
rührt',rührt'
sagt',sagt'
salbt',salbt'
salz,salz
salzflut,salz|flut
salzschaum,salz|schaum
sangarios',san|ga|ri|os'
sarpedons,sar|pe|dons
schakal',scha|kal'
scharf,scharf
scharfe,schar|fe
scharfem,schar|fem
scharfen,schar|fen
scharfer,schar|fer
scharfes,schar|fes
scharfgespitzt,scharf|ge|spitzt
scharfspitziger,scharf|spit|zi|ger
scharfzackigem,scharf|za|cki|gem
scharfzahnige,scharf|zah|ni|ge
scharfzahniger,scharf|zah|ni|ger
scharrt',scharrt'
scharweis,schar|weis
schaudrigen,schaud|ri|gen
scheint's,scheint's
schenkt',schenkt'
schienbein,schien|bein
schirmt',schirmt'
schirrt',schirrt'
schlauersonnenen,schlau|er|son|nen|en
schlummert',schlum|mert'
schläfert',schlä|fert'
schlängelt',schlän|gelt'
schmettert',schmet|tert'
schmiegt',schmiegt'
schmückt',schmückt'
schnallt',schnallt'
schnellfliehendem,schnell|flie|hen|dem
schnellt',schnellt'
schnitzt',schnitzt'
schreckt',schreckt'
schwarz,schwarz
schwarzen,schwar|zen
schwarzer,schwar|zer
schwarzes,schwar|zes
schwarzgeflügelte,schwarz|ge|flü|gel|te
schwarzgeflügelten,schwarz|ge|flü|gel|ten
schwarzgeschnäbelten,schwarz|ge|schnä|bel|ten
schwarzgeschnäbeltes,schwarz|ge|schnä|bel|tes
schwarzlockige,schwarz|lo|cki|ge
schwarzlockiger,schwarz|lo|cki|ger
schwarzrinnendes,schwarz|rin|nen|des
schwarzschauernder,schwarz|schau|ern|der
schwarzschäumendes,schwarz|schäu|men|des
schwarzwolkiger,schwarz|wol|ki|ger
schwebt',schwebt'
schwenkt',schwenkt'
schwärmt',schwärmt'
schüttelt',schüt|telt'
segelt',se|gelt'
sei'n,sei'n
sei's,sei's
senkt',senkt'
setzt',setzt'
seufzt',seufzt'
sich's,sich's
sie's,sie's
siegt',siegt'
silberfarbener,sil|ber|far|be|ner
skarphe,skar|phe
sorgt',sorgt'
sprach's,sprach's
sprengt',sprengt'
spült',spült'
stand's,stand's
star',star'
starb,starb
starben,star|ben
starbst,starbst
steckt',steckt'
steckten's,steck|ten's
stellt',stellt'
sterbe,ster|be
stillfliehendes,still|flie|hen|des
stillt',stillt'
stockt',stockt'
straft',straft'
strahlt',strahlt'
strebt',strebt'
streckt',streckt'
streichelt',strei|chelt'
strengt',strengt'
styx',styx'
stämm',stämm'
stärkre,stärk|re
stärkt',stärkt'
stürmt',stürmt'
stürzt',stürzt'
stützt',stützt'
sumpfentsprossenen,sumpf|ent|spros|se|nen
tal',tal'
tannener,tan|ne|ner
tarphe,tar|phe
tat's,tat's
taumelt',tau|melt'
tenthredons,ten|thre|dons
tiefhinstrudelnden,tief|hin|stru|del|nden
tobt',tobt'
traf's,traf's
traubengestad',trau|ben|ge|stad'
trieb',trieb'
trotzt',trotzt'
trug's,trug's
tu's,tu's
tummelt',tum|melt'
tydeid',ty|deid'
türm',türm'
umblühete,um|blü|he|te
umblüht,um|blüht
umherflohn,um|her|flohn
umherzuschwingen,um|her|zu|schwin|gen
umhüllt',um|hüllt'
umlenkt',um|lenkt'
umpflanzten's,um|pflanz|ten's
umprallt',um|prallt'
umschirmt',um|schirmt'
umwandelt',um|wan|delt'
ungezähmt',un|ge|zähmt'
unschlüssigen,un|schlüs|si|gen
uranionen,u|ra|ni|o|nen
verdient's,ver|dient's
verdreußt's,ver|dreußt's
verfehlt',ver|fehlt'
verfolgt',ver|folgt'
verheert',ver|heert'
verhängt',ver|hängt'
verhüllt',ver|hüllt'
verkauft',ver|kauft'
verlangt',ver|langt'
verletzt',ver|letzt'
verlockt',ver|lockt'
vermißt',ver|mißt'
vernahm's,ver|nahm's
vernahmen's,ver|nah|men's
versagt',ver|sagt'
verschlagenem,ver|schla|ge|nem
verstummt',ver|stummt'
versucht's,ver|sucht's
versäumt',ver|säumt'
verteilt',ver|teilt'
vertilgt',ver|tilgt'
verwarf,ver|warf
verwarfen,ver|war|fen
verwehrt',ver|wehrt'
verweigert',ver|wei|gert'
verweilt',ver|weilt'
vielrudrigen,viel|rud|ri|gen
vielrudriger,viel|rud|ri|ger
vollblühenden,voll|blü|hen|den
vollend',voll|end'
vorragt',vor|ragt'
vorstrebt',vor|strebt'
vorwarf,vor|warf
waffengeschmeid',waf|fen|ge|schmeid'
wagt',wagt'
wagten's,wag|ten's
wandelt',wan|delt'
warb,warb
warf,warf
warf's,warf's
warz,warz
webt',webt'
weckt',weckt'
wegdrängt',weg|drängt'
wehklagt',weh|klagt'
wehrt',wehrt'
weilt',weilt'
weissagt',weis|sagt'
wenn's,wenn's
wie's,wie's
wiederkehrt',wie|der|kehrt'
wiegt',wiegt'
wind',wind'
winkt',winkt'
wir's,wir's
wird's,wird's
witw',witw'
wohlentsprossenen,wohl|ent|spros|se|nen
wohlersonnenen,wohl|er|son|ne|nen
wolkenumhüllung,wol|ken|um|hül|lung
wollten's,woll|ten's
wort',wort'
wurflers,wurf|lers
wählt',wählt'
währt',währt'
wär's,wär's
wärmendes,wär|men|des
wölbt',wölbt'
wölf',wölf'
würgt',würgt'
zakynthos,za|kyn|thos
zeigt',zeigt'
zelt',zelt'
zermalmt',zer|malmt'
zerquält',zer|quält'
zerstückt',zer|stückt'
zeugt',zeugt'
zielt',zielt'
ziemt',ziemt'
ziemt's,ziemt's
zuckt',zuckt'
zugeflohn,zu|ge|flohn
zurückblieb,zu|rück|blieb
ägyptos',ä|gyp|tos'
äxt',äxt'
übt',übt'
abanter,a|ban|ter
abend,a|bend
abends,a|bends
abendkost,a|bend|kost
abendschmaus,a|bend|schmaus
abende,a|ben|de
abließen,ab|lie|ßen
abydos,a|by|dos
acheloos,a|che|lo|os
acker,a|cker
ackernden,a|ckern|den
ackers,a|ckers
ackergefild,a|cker|ge|fild
adamas,a|da|mas
adel,a|del
ader,a|der
adeler,a|de|ler
adrasteia,a|dras|tei|a
adrastos,a|dras|tos
agelaos,a|ge|la|os
agenor,a|ge|nor
agenors,a|ge|nors
aglaia,ag|lai|a
agrios,ag|ri|os
ahorn,a|horn
ahorns,a|horns
akessamenos,a|kes|sa|me|nos
akrisios',a|kri|sios'
alalkomenens,al|al|ko|me|nens
alastor,al|as|tor
alastors,al|as|tors
aleision,a|lei|si|on
alektryons,a|lek|try|ons
alexandros,a|lex|an|dros
alexandros',a|lex|an|dros'
alegenors,a|le|ge|nors
alesions,a|le|si|ons
aloeus,a|lo|eus
alos,a|los
alope,a|lo|pe
alybe,a|ly|be
amarinkeus',a|ma|rin|keus'
amarynkeus',a|ma|ryn|keus'
amatheia,a|ma|thei|a
amazonen,a|ma|zo|nen
amazonischer,a|ma|zo|ni|scher
amisodaros',a|mi|so|da|ros'
amyntor,a|myn|tor
amydon,a|my|don
amyklä,a|my|klä
amphigeneia,am|phi|ge|nei|a
andres,an|dres
andrenumandren,an|dre|nu|man|dren
andrerumandrer,an|dre|ru|man|drer
anemoreia,a|ne|mo|rei|a
anitzt,an|itzt
anitzo,an|it|zo
anteia,an|tei|a
antheia,an|thei|a
antilochos,an|ti|lo|chos
antilochos',an|ti|lo|chos'
aphareus,a|pha|reus
apier,a|pier
apierland,a|pier|land
apäsos',a|pä|sos'
areithoos,a|rei|tho|os
areithoos',a|rei|tho|os'
areion,a|rei|on
aren',a|ren'
ares,a|res
ares',a|res'
arene,a|re|ne
aretaon,a|re|ta|on
aretos,a|re|tos
arisbas,a|ris|bas
arisbe,a|ris|be
ariadne,a|ri|ad|ne
arima,a|ri|ma
archilochos,ar|chi|lo|chos
asche,a|sche
asios',a|si|os'
asinens,a|si|nens
asios,a|si|os
asische,a|si|sche
asopos,a|so|pos
astyoche,as|ty|o|che
asthynoos,as|thy|no|os
astiocheia,as|ti|o|chei|a
astyanax,as|ty|a|nax
atem,a|tem
atems,a|tems
atemlos,a|tem|los
atemlose,a|tem|lo|se
athos,a|thos
atymnios',a|tym|ni|os'
atymnios,a|tym|ni|os
aue,au|e
ausstattende,aus|stat|ten|de
ausstoßen,aus|sto|ßen
ausstreckend,aus|stre|ckend
ausstürmend,aus|stür|mend
augeia,au|gei|a
axios,a|xi|os
axylos,a|xy|los
azeidischen,a|zei|di|schen
batieia,ba|ti|ei|a
behügelten,be|hü|gel|ten
beschließest,be|schlie|ßest
bläue,bläu|e
briseia,bri|sei|a
böoten,bö|o|ten
böotier,bö|o|ti|er
böotischen,bö|o|ti|schen
chimära,chi|mä|ra
dares,da|res
darob,dar|ob
darüber,dar|ü|ber
dexamene,de|xa|me|ne
demuchos,de|mu|chos
doloper,do|lo|per
donnergetön,don|ner|ge|tön
donnergewölk,don|ner|ge|wölk
donnergott,don|ner|gott
dumpfaufbrummenden,dumpf|auf|brum|men|den
eben,e|ben
ebenso,e|ben|so
ebensolang,e|ben|so|lang
ebensoviel,e|ben|so|viel
eber,e|ber
ebern,e|bern
ebers,e|bers
ebene,e|be|ne
ebenen,e|be|nen
echeklos,e|che|klos
echemon,e|che|mon
echepolos,e|che|po|los
echinaden,e|chi|na|den
echios',e|chi|os'
echios,e|chi|os
ecke,e|cke
edel,e|del
edeln,e|deln
edelste,e|dels|te
edelsten,e|dels|ten
edelster,e|dels|ter
edelentsprossene,e|del|ent|spros|se|ne
edelgesinnte,e|del|ge|sinn|te
edelmütige,e|del|mü|ti|ge
edelmütigen,e|del|mü|ti|gen
edele,e|de|le
edelen,e|de|len
edeler,e|de|ler
edeles,e|de|les
eeriböa,e|e|ri|bö|a
ehe,e|he
eher,e|her
ehern,e|hern
eherne,e|her|ne
ehernem,e|her|nem
ehernen,e|her|nen
eherner,e|her|ner
ehernes,e|her|nes
ehegenossin,e|he|ge|nos|sin
ehelich,e|he|lich
einen,ei|nen
eingehüllt,ein|ge|hüllt
elasos,e|la|sos
elatos,e|la|tos
eleier,e|lei|er
elend,e|lend
elends,e|lends
elende,e|len|de
elenden,e|len|den
elender,e|len|der
elendes,e|len|des
eleon,e|le|on
elephenor,e|le|phe|nor
elis,e|lis
elis',e|lis'
elon',e|lon'
emathiens,e|ma|thi|ens
empfahe,emp|fa|he
empfahet,emp|fa|het
ene,e|ne
eneter,e|ne|ter
eniener,e|nie|ner
eniopeus,e|ni|o|peus
enispens,e|nis|pens
enops,e|nops
enops',e|nops'
enope,e|no|pe
entatmet,ent|at|met
enteil,ent|eil
enthub,ent|hub
entließe,ent|lie|ße
entließen,ent|lie|ßen
entließ,ent|ließ
entblößte,ent|blöß|te
entblößten,ent|blöß|ten
entseelende,ent|see|len|de
entseelender,ent|see|len|der
enyalios',e|ny|a|li|os'
enyeus,e|ny|eus
enyo,e|ny|o
epaltes,e|pal|tes
ephialtes,e|phi|al|tes
ephyra,e|phy|ra
ephyras,e|phy|ras
ephyrern,e|phy|rern
epistrophos,e|pi|stro|phos
epistor,e|pis|tor
epidauros',e|pi|dau|ros'
epikles,e|pi|kles
erechtheus,e|recht|heus
ereuthalion,e|reu|tha|li|on
erebos,e|re|bos
eriopis',e|ri|o|pis'
eris,er|is
erichthonios,e|rich|tho|ni|os
erithynö,er|i|thy|nö
eryalos,e|ry|a|los
erymas,e|ry|mas
erymas',e|ry|mas'
erythrä,e|ry|thrä
erzumpanzerten,erz|um|pan|zer|ten
erzumpanzertes,erz|um|pan|zer|tes
erzumschienten,erz|um|schien|ten
erzumschimmerten,erz|um|schim|mer|ten
erzumschirmten,erz|um|schirm|ten
erzumschirmter,erz|um|schirm|ter
erfreue,er|freu|e
erobern,er|o|bern
erobert,er|o|bert
eroberten,er|o|ber|ten
eroberter,er|o|ber|ter
eroberung,er|o|be|rung
erschlagnen,er|schlag|nen
esche,e|sche
eschene,e|sche|ne
esel,e|sel
eteokles',e|te|o|kles'
eteonos,e|te|o|nos
euippos,eu|ip|pos
eurynome,eu|ry|no|me
eurystheus,eu|rys|theus
eurystheus',eu|rys|theus'
euämon,eu|ä|mon
euämonid,eu|ä|mo|nid
ewig,e|wig
ewigkeit,e|wig|keit
ewigwährenden,e|wig|wäh|ren|den
ewige,e|wi|ge
ewigem,e|wi|gem
ewigen,e|wi|gen
ewiger,e|wi|ger
exadios,ex|a|di|os
eëtion,e|ë|ti|on
falscher,fal|scher
fernentlegene,fern|ent|le|ge|ne
festhekatombe,fest|he|ka|tom|be
festhekatomben,fest|he|ka|tom|ben
festummauerte,fest|um|mau|er|te
festummauerten,fest|um|mau|er|ten
fischwimmelnde,fisch|wim|meln|de
fischwimmelnden,fisch|wim|meln|den
freue,freu|e
galateia,ga|la|tei|a
gehüllt,ge|hüllt
gehüllet,ge|hül|let
gehüllete,ge|hül|le|te
gehülleter,ge|hül|le|ter
gehügelte,ge|hü|gel|te
genützet,ge|nüt|zet
geackertem,ge|a|cker|tem
gehauenen,ge|hau|e|nen
genießest,ge|nie|ßest
gerötet,ge|rö|tet
gerötete,ge|rö|te|te
gestaderschüttrer,ge|sta|der|schütt|rer
getraue,ge|trau|e
glanze,glan|ze
gradan,grad|an
gradanstürmende,grad|an|stür|men|de
grame,gra|me
grames,gra|mes
graunvollen,graun|vol|len
graunvoller,graun|vol|ler
hange,han|ge
hartandringenden,hart|an|drin|gen|den
haue,hau|e
heitre,hei|tre
herandringt,he|ran|dringt
hintaumelte,hin|tau|mel|te
hinüber,hin|ü|ber
hirsches,hir|sches
hochwipflichte,hoch|wipf|lich|te
hyakinthos,hy|a|kin|thos
hypereia,hy|pe|rei|a
hyperenor,hy|pe|re|nor
hyperenors,hy|pe|re|nors
hyperesia,hy|pe|re|si|a
iaonen,i|a|o|nen
ida,i|da
idas,i|das
idagebirg,i|da|ge|birg
idäos,i|dä|os
idäischen,i|dä|i|schen
ikarischen,i|ka|ri|schen
ilios',i|li|os'
ilios,i|li|os
ilioneus,i|li|o|neus
ilioneus',i|li|o|neus'
ilos,i|los
ilos',i|los'
ipheus,i|pheus
iphianassa,i|phi|a|nas|sa
iphis,i|phis
iphidamas,i|phi|da|mas
iphidamas',i|phi|da|mas'
iphinoos,i|phi|no|os
iphition,i|phi|ti|on
iphitos,i|phi|tos
iris,i|ris
isos,i|sos
ithaka,i|tha|ka
ithakas,i|tha|kas
ithomens,i|tho|mens
ithämenes',i|thä|me|nes'
iton,i|ton
itymoneus,i|ty|mo|neus
ixions,i|xi|ons
jära,jä|ra
kadmeiischen,kad|mei|i|schen
kalydnischen,ka|lyd|ni|schen
kapaneiad,ka|pa|nei|ad
kerinthos,ke|rin|thos
klauigen,klau|i|gen
klytämnestra,kly|täm|ne|stra
knäbelein,knä|be|lein
knöchelbedeckung,knö|chel|be|de|ckung
korinthos,ko|rin|thos
koroneia,ko|ro|nei|a
krethon,kre|thon
krokyleia,kro|ky|lei|a
kyparissos,ky|pa|ris|sos
köranos,kö|ra|nos
langragenden,lang|ra|gen|den
laue,lau|e
leibröcke,lei|brö|cke
lethos,le|thos
limnoreia,lim|no|rei|a
lyktos,lyk|tos
machaon,ma|cha|on
meerabrauschenden,meer|ab|rau|schen|den
meerstrand,meer|strand
mekistheus,me|ki|stheus
mekisteiad,me|kis|tei|ad
meliböa,me|li|bö|a
menestheus,me|nes|theus
mideia,mi|dei|a
minyeios,mi|ny|e|i|os
männergeröchel,män|ner|ge|rö|chel
männergebieter,män|ner|ge|bie|ter
männergefilde,män|ner|ge|fil|de
männergetümmel,män|ner|ge|tüm|mel
männergewühl,män|ner|ge|wühl
mära,mä|ra
nachrasselte,nach|ras|sel|te
nachrauschte,nach|rausch|te
nachtobte,nach|tob|te
nachtrab,nach|trab
nacken,na|cken
nackens,na|ckens
nackende,na|cken|de
nackenden,na|cken|den
oben,o|ben
obenher,o|ben|her
obenhin,o|ben|hin
oberste,o|bers|te
obersten,o|bers|ten
obergebieter,o|ber|ge|bie|ter
obergewalt,o|ber|ge|walt
obere,o|be|re
oberen,o|be|ren
oberer,o|be|rer
obstand,ob|stand
ochesions',o|che|si|ons'
odem,o|dem
oder,o|der
okalea,o|ka|le|a
okeanos,o|ke|a|nos
okeanos',o|ke|a|nos'
olenische,o|le|ni|sche
olenischen,o|le|ni|schen
olenos,o|le|nos
olizon,o|li|zon
oloosson,o|lo|os|son
olympier,o|lym|pi|er
olympische,o|lym|pi|sche
olympischen,o|lym|pi|schen
olympischer,o|lym|pi|scher
olympos,o|lym|pos
olympos',o|lym|pos'
onetor,o|ne|tor
opheltios,o|phel|ti|os
ophelestes,o|phe|les|tes
opites,o|pi|tes
opus,o|pus
oresbios,o|res|bi|os
orestes,o|res|tes
orion,o|ri|on
orions,o|ri|ons
oros,o|ros
orsilochos,or|si|lo|chos
otos,o|tos
otrynteide,o|tryn|tei|de
otrynteus,o|tryn|teus
oïleus,o|ï|leus
persephoneia,per|se|pho|nei|a
peräber,pe|rä|ber
periböa,pe|ri|bö|a
pherä,phe|rä
phorkys,phor|kys
phylas,phy|las
phylas',phy|las'
pityeia,pi|ty|ei|a
polyktor,po|lyk|tor
polyämons,po|ly|ä|mons
prötos,prö|tos
reitrosse,reit|ros|se
reuigen,reu|i|gen
rheia,rhei|a
rinderhirt,rin|der|hirt
rossenährenden,ros|sen|äh|ren|den
rossenährender,ros|sen|äh|ren|der
rossenährendes,ros|sen|äh|ren|des
ruhmvoller,ruhm|vol|ler
satniois,sat|ni|o|is
satniois',sat|ni|o|is'
schaue,schau|e
scheue,scheu|e
schlachtreihn,schlacht|reihn
schlechteren,schlech|te|ren
schläfre,schläf|re
schreie,schrei|e
schutte,schutt|e
schönumlockt,schön|um|lockt
siegstaten,siegs|ta|ten
simoeisios,si|mo|ei|si|os
skandeia,skand|ei|a
speio,spei|o
spercheios,sper|chei|os
spercheios',sper|chei|os'
sternumleuchteten,stern|um|leuch|te|ten
tapfre,tapf|re
tauiger,tau|i|ger
telamon,te|la|mon
telamons,te|la|mons
telamonid,te|la|mo|nid
telamonide,te|la|mo|ni|de
telamoniden,te|la|mo|ni|den
telamonier,te|la|mo|ni|er
teutamos',teu|ta|mos'
telemonid,te|le|mo|nid
tereia,te|rei|a
thaleia,tha|lei|a
thersilochos,ther|si|lo|chos
thespeia,thes|pei|a
thryoessa,thry|o|es|sa
thymötes,thy|mö|tes
tiefgehöhltes,tief|ge|höhl|tes
traue,trau|e
trechos,tre|chos
tritogeneia,tri|to|ge|nei|a
trockenen,tro|cke|nen
trözen,trö|zen
trözenos,trö|ze|nos
typhoeus,ty|pho|eus
ufer,u|fer
ufern,u|fern
ufers,u|fers
ukalegon,u|ka|le|gon
unalternd,un|al|ternd
unalternder,un|al|tern|der
unalterndes,un|al|tern|des
untrügliche,un|trüg|li|che
unehelich,un|e|he|lich
verlort,ver|lort
verhießest,ver|hie|ßest
verließest,ver|lie|ßest
vertraue,ver|trau|e
verunehrt,ver|un|ehrt
verödend,ver|ö|dend
verödet,ver|ö|det
verödete,ver|ö|de|te
verödeten,ver|ö|de|ten
verödetes,ver|ö|de|tes
verübet,ver|ü|bet
viergipflichter,vier|gipf|lich|ter
viergipflichtes,vier|gipf|lich|tes
vollend,voll|end
vorstrand,vor|strand
vorbeiflog,vor|bei|flog
vorüber,vor|ü|ber
vorüberflog,vor|ü|ber|flog
vorübergehn,vor|ü|ber|gehn
wegdräng,weg|dräng
weges,we|ges
weinete,wei|ne|te
weineten,wei|ne|ten
weitoffenen,weit|of|fe|nen
wildandrohend,wil|dan|dro|hend
wütrich,wüt|rich
zerstreue,zer|streu|e
zeleia,ze|lei|a
zwiefachrudernden,zwie|fach|ru|dern|den
äakiden,ä|a|ki|den
äakidischen,ä|a|ki|di|schen
äakos,ä|a|kos
äakos',ä|a|kos'
äcker,ä|cker
äckern,ä|ckern
ägeus',ä|geus'
ägis,ä|gis
ägialeia,ä|gi|a|lei|a
ägialos,ä|gi|a|los
ägilips,ä|gi|lips
ägina,ä|gi|na
ägion,ä|gi|on
ägiserschüttrer,ä|gis|er|schütt|rer
ägiserschüttrers,ä|gis|er|schütt|rers
ägiserschütterers,ä|gis|er|schüt|te|rers
ägiserschütternden,ä|gis|er|schüt|tern|den
ägiserschütterer,ä|gis|er|schüt|te|rer
ägä,ä|gä
ägäon,ä|gä|on
ämoniden,ä|mo|ni|den
äneias',ä|nei|as'
änios,ä|ni|os
änos,ä|nos
äpeia,ä|pei|a
äpy,ä|py
äpytischen,ä|py|ti|schen
äsyetes,ä|sye|tes
äsymnos,ä|sym|nos
äsyme,ä|sy|me
äsepos,ä|se|pos
äthe,ä|the
äther,ä|ther
äthers,ä|thers
ätherglanz,ä|ther|glanz
äthiopen,ä|thi|o|pen
äthiker,ä|thi|ker
äthon,ä|thon
äthra,ä|thra
ätoler,ä|to|ler
ätolische,ä|to|li|sche
öchalia,ö|cha|li|a
öchaliers,ö|cha|li|ers
öde,ö|de
öden,ö|den
ödes,ö|des
ödipus,ö|di|pus
öfen,ö|fen
öle,ö|le
öles,ö|les
öneiden,ö|nei|den
öneus',ö|neus'
önops',ö|nops'
önomaos,ö|no|ma|os
öse,ö|se
ötylos',ö|ty|los'
übel,ü|bel
übelwollendem,ü|bel|wol|len|dem
üben,ü|ben
über,ü|ber
übergab,ü|ber|gab
überall,ü|ber|all
überbrückte,ü|ber|brück|te
übereilt,ü|ber|eilt
übereinander,ü|ber|ein|an|der
übergehst,ü|ber|gehst
übergewaltigen,ü|ber|ge|wal|ti|gen
überhängt,ü|ber|hängt
überhäufte,ü|ber|häuf|te
überlassend,ü|ber|las|send
überlebt,ü|ber|lebt
überlegt,ü|ber|legt
übermacht,ü|ber|macht
übermut,ü|ber|mut
übermutes,ü|ber|mu|tes
übermütig,ü|ber|mü|tig
übermütigen,ü|ber|mü|ti|gen
übernahm,ü|ber|nahm
übernehmend,ü|ber|neh|mend
überreicht',ü|ber|reicht'
überschwenglicher,ü|ber|schweng|li|cher
überstarken,ü|ber|star|ken
überstrahlt,ü|ber|strahlt
überstrahlender,ü|ber|strah|len|der
überstreut,ü|ber|streut
überstreut',ü|ber|streut'
übertreibst,ü|ber|treibst
überwand,ü|ber|wand
überwältigt,ü|ber|wäl|tigt
überzugehn,ü|ber|zu|gehn
übest,ü|best
übeten,ü|be|ten
panthoos',pan|tho|os'
hippothoos,hip|po|tho|os
alkathoos,al|ka|tho|os
thoon,tho|on
koon,ko|on
peirithoos,pei|ri|tho|os
peirithoos',pei|ri|tho|os'
autonoos,au|to|no|os
panthoos,pan|tho|os
thootes,tho|o|tes
arsinoos,ar|si|no|os
astynoos,as|ty|no|os
demokoon,de|mo|ko|on
hippokoon,hip|po|ko|on
hipponoos,hip|po|no|os
pronoos,pro|no|os
prothoon,pro|tho|on
prothoos,pro|tho|os
gezäum,ge|zäum
genießen,ge|nie|ßen
euneos,eu|ne|os
äneias,ä|nei|as
eetion,e|e|ti|on
eetions,e|e|ti|ons
noemon,no|e|mon
prothoenor,pro|tho|e|nor
prothoenors,pro|tho|e|nors
aleische,a|le|i|sche
acheloios',a|che|lo|i|os'
aides',a|i|des'
aides,a|i|des
aidoneus,a|i|do|neus
aïdoneus,a|ï|do|neus
aïdoneus',a|ï|do|neus'
obstehn,ob|stehn
obstehn',ob|stehn'
areilykos,a|re|i|ly|kos
areilykos',a|re|i|ly|kos'
briseis,bri|se|is
böbeidischen,bö|be|i|di|schen
chryseis,chry|se|is
deipylos,de|i|py|los
deikoon,de|i|ko|on
deiopites,de|i|o|pi|tes
deiochos,de|i|o|chos
deipyros,de|i|py|ros
deiphobos,de|i|pho|bos
deiphobos',de|i|pho|bos'
kapaneischen,ka|pa|ne|i|schen
kapaneische,ka|pa|ne|i|sche
kyparisseis,ky|pa|ris|se|is
leitos,le|i|tos
leitos',le|i|tos'
messeis,mes|se|is
nais,na|is
nelaischen,ne|la|i|schen
nereiden,ne|re|i|den
neleiaden,ne|le|i|a|den
oileus,o|i|leus
oileus',o|i|leus'
selleis,sel|le|is
troerinnen,tro|er|in|nen
troerin,tro|er|in
amphitoe,am|phi|to|e
gonoessa,go|no|es|sa
kymothoe,ky|mo|tho|e
thoe,tho|e
tydeus,ty|deus
tydeus',ty|deus'
menötiaden,me|nö|ti|a|den
menötiad,me|nö|ti|ad
menötios,me|nö|ti|os
menötios',me|nö|ti|os
helios',he|li|os'
helios,he|li|os
klytios,kly|ti|os
klytios',kly|ti|os'
mulios,mu|li|os
mulios',mu|li|os'
alkyon',al|ky|on'
alkyon,al|ky|on
alkyone,al|ky|o|ne
bäum,bäum
bäum',bäum'
dexias,de|xi|as
dexias',de|xi|as'
gyrtias,gyr|ti|as
gyrtias',gyr|ti|as'
parthenios,par|the|ni|os
parthenios',par|the|ni|os'
strophios,stro|phi|os
strophios',stro|phi|os'
talysios,ta|ly|si|os
talysios',ta|ly|si|os'
thronios,thro|ni|os
thronios',thro|ni|os'
schrien,schrien
aufschrien,auf|schrien
daherschrien,da|her|schrien
ältsten,ält|sten
brieten,brie|ten
genießt,ge|nießt
riet,riet
genieß,ge|nieß
genießend,ge|nie|ßend
genießet,ge|nie|ßet
rieten,rie|ten
knien,knien
achai'rinnen,a|chai'|rin|nen
acheloïos',a|che|lo|ï|os'
ackergefild',a|cker|ge|fild'
ahn',ahn'
ahnend,ah|nend
aichaiern,ai|chai|ern
aleïsche,a|le|ï|sche
alkyon,al|ky|on
all',all'
alljetzt,all|jetzt
altend,al|tend
amarinkeus,a|ma|rin|keus
amarynkeus,a|ma|ryn|keus
amisodaros,a|mi|so|da|ros
anchisiad',an|chi|si|ad'
andrämonid',an|drä|mo|nid'
anfuhrt,an|fuhrt
annehm',an|nehm'
anschirrete,an|schir|re|te
anschlöss',an|sch|löss'
anstürm',an|stürm'
anthenions,an|the|ni|ons
antonoos,an|to|no|os
aphionome,a|phi|o|no|me
apäsos,a|pä|sos
areïlykos',a|re|ï|ly|kos'
areïthoos,a|re|ï|tho|os
arges,ar|ges
arges',ar|ge|s'
arisbas',a|ris|bas'
assakaros',as|sa|ka|ros'
atreion',a|trei|on'
aufbrodelnd,auf|bro|delnd
aufbrummenden,auf|brum|men|den
aug',aug'
ausbrannt',aus|brannt'
ausdaurender,aus|dau|ren|der
ausdaurendes,aus|dau|ren|des
ausharrendes,aus|har|ren|des
auskoren,aus|ko|ren
ausschweifendes,aus|schwei|fen|des
auszög',aus|zög'
autophonos,au|to|pho|nos
aïdes,a|ï|des
aïdes',a|ï|des'
aïdoneus,a|ï|do|neus
aïs,a|ïs
bahr',bahr'
bandens,ban|dens
bang',bang'
bedenk',be|denk'
beding',be|ding'
begegn',be|gegn'
begehr',be|gehr'
beginn',be|ginn'
begleit',be|gleit'
behalt',be|halt'
beharr',be|harr'
behend',be|hend'
behielt',be|hielt'
beinah',bei|nah'
beisteh',bei|steh'
bekenn',be|kenn'
belad',be|lad'
bereit',be|reit'
berglöw',berg|löw'
berufende,be|ru|fen|de
berührt,be|rührt
bescepterten,be|scep|ter|ten
bescepterter,be|scep|ter|ter
beschlagen,be|schla|gen
beschließ',be|schließ'
beschwör',be|schwör'
besorg',be|sorg'
bestaubt,be|staubt
besteigend',be|stei|gend'
betraur',be|traur'
betrauren,be|trau|ren
betraurend,be|trau|rend
betret',be|tret'
bett',bett'
beug',beug'
beut',beut'
bewein',be|wein'
beweint',be|weint'
bewirt',be|wirt'
bewundert,be|wun|dert
bezwungenes,be|zwun|ge|nes
bezähmendes,be|zäh|men|des
biet',biet'
bind',bind'
bleib',bleib'
blum',blum'
bläss',bläss'
blöd',blöd'
boagrios,bo|a|gri|os
bogenkund',bo|gen|kund'
brach',brach'
bracht',bracht'
brand',brand'
brannt',brannt'
brau',brau'
brausendes,brau|sen|des
breiteres,brei|te|res
bring',bring'
briseïs,bri|se|ïs
brächt',brächt'
bukolos,bu|ko|los
bundesgenoss',bun|des|ge|noss'
buntgefleckt,bunt|ge|fleckt
bänd',bänd'
böbeïdischen,bö|be|ï|di|schen
bös',bös'
böt',böt'
cedern,ce|dern
charopos,cha|ro|pos
chryseïs,chry|se|ïs
cikaden,ci|ka|den
dacht',dacht'
dardalios,dar|da|li|os
dardanion',dar|da|ni|on'
daucht,daucht
daurenden,dau|ren|den
daurendes,dau|ren|des
deck',deck'
denk',denk'
deriböa,de|ri|bö|a
deïkoon,de|ï|ko|on
deïochos,de|ï|o|chos
deïopites,de|ï|o|pi|tes
deïphobos,de|ï|pho|bos
deïphobos',de|ï|pho|bos'
deïpylos,de|ï|py|los
deïpyros,de|ï|py|ros
drach',drach'
dreifüß',drei|füß'
dresos,dre|sos
dritt',dritt'
droh',droh'
duld',duld'
dumpfrufender,dumpf|ru|fen|der
durchbreche,durch|bre|che
durcheilet,durch|ei|let
durchmachend,durch|ma|chend
durchwander',durch|wan|der'
durchwandl',durch|wandl'
durft',durft'
eh',eh'
ehemals,e|he|mals
ehr',ehr'
ehrsucht,ehr|sucht
eil',eil'
eilendes,ei|len|des
ein',ein'
einfugender,ein|fu|gen|der
eingeh',ein|geh'
eingeht,ein|geht
einmütiges,ein|mü|ti|ges
einnahmt,ein|nahmt
einsames,ein|sa|mes
einsetzen,ein|set|zen
einstieg,ein|stieg
einteilend,ein|tei|lend
einteilte,ein|teil|te
einwendung,ein|wen|dung
eiteles,ei|te|les
empfang',em|pfang'
emporhub,em|por|hub
end',end'
eng',eng'
entblößtem,ent|blöß|tem
entbrannt',ent|brannt'
enteil',ent|eil'
entfall',ent|fall'
entflieh',ent|flieh'
entgegengerennt,ent|ge|gen|ge|rennt
entlass',ent|lass'
entraftest,ent|raf|test
entrönn',ent|rönn'
entsag',ent|sag'
entschloßne,ent|schloß|ne
entschloßnen,ent|schloß|nen
entschlüpft,ent|schlüpft
entsend',ent|send'
entstammten,ent|stamm|ten
enttrüg',ent|trüg'
entziehend,ent|zie|hend
epidauros,epi|dau|ros
erachtete,er|ach|te|te
erb',erb'
erbarmendes,er|bar|men|des
erbiet',er|biet'
erblick',er|blick'
erd',erd'
erduld',er|duld'
erfreu',er|freu'
erfüll',er|füll'
erhabeneren,er|ha|be|ne|ren
erhasch',er|hasch'
erinnr',er|innr'
eriopis,e|ri|o|pis
erkanntest,er|kann|test
erkauf',er|kauf'
erkenn',er|kenn'
erklär',er|klär'
erlass',er|lass'
erleg',er|leg'
ermahn',er|mahn'
erneun,er|neun
ernt',ernt'
ernährt',er|nährt'
errett',er|rett'
erschallen,er|schal|len
erschein',er|schein'
erschlag',er|schlag'
erschlüg',er|schlüg'
erschöpf',er|schöpf'
erseh',er|seh'
erseufzt,er|seufzt
erteil',er|teil'
erwart',er|wart'
erwäg',er|wäg'
erwähl',er|wähl'
erzgeschmeid',erz|ge|schmeid'
erzähl',er|zähl'
esch',esch'
eteokles,e|te|o|kles
euenos,eu|e|nos
eurydamas,eu|ry|da|mas
eusoros',eu|so|ros'
euämonid',eu|ä|mo|nid'
eëriböa,e|ë|ribö|a
eëtions,e|ë|ti|ons
eïoneus,e|ï|o|neus
fah',fah'
fahrende,fah|ren|de
fall',fall'
fallstrick,fall|strick
fass',fass'
feier',fei|er'
feig',feig'
feiges,fei|ges
feirend,fei|rend
feld',feld'
felsenhohn,fel|sen|hohn
fern',fern'
fernhintreffenden,fern|hin|tref|fen|den
fers',fers'
fers'erreichende,fers'|er|rei|chen|de
fertigkeit,fer|tig|keit
find',find'
flamm',flamm'
flatterndes,flat|tern|des
fleh',fleh'
flieg',flieg'
fließ',fließ'
flug',flug'
flög',flög'
foderte,fo|der|te
folg',folg'
forder',for|der'
forschendes,for|schen|des
fortschreitet,fort|schrei|tet
fradmons',frad|mons'
fremd',fremd'
freud',freud'
freudiges,freu|di|ges
fried',fried'
frische,fri|sche
früh',früh'
früheres,frü|he|res
funkelndes,fun|keln|des
fährt',fährt'
fügsames,füg|sa|mes
fügt,fügt
fühl',fühl'
führ',führ'
füß,füß
gab',gab'
gaffenden,gaf|fen|den
gall',gall'
gang',gang'
gaul',gaul'
gaule,gau|le
geb',geb'
gebeut',ge|beut'
gebiet',ge|biet'
gebognen,ge|bo|gnen
gedenk',ge|denk'
gedächt',ge|dächt'
geflügeltes,ge|flü|gel|tes
gefodert,ge|fo|dert
gefolg',ge|fol|g'
geh',geh'
geheg',ge|heg'
gehobenes,ge|ho|be|nes
gehorch',ge|horch'
gehäus',ge|häus'
gehügelten,ge|hü|gel|ten
geklipp',ge|klipp'
gelob',ge|lob'
gelübd',ge|lübd'
gemeng',ge|meng'
gemord',ge|mord'
geneuß,ge|neuß
geneußt,ge|neußt
genäht,ge|näht
gerad',ge|rad'
gerichtplatz,ge|richt|platz
gernausteilenden,gern|aus|tei|len|den
gerst',gerst'
gerundete,ge|run|de|te
gescheh',ge|scheh'
geschoß',ge|schoß'
geschwind',ge|schwind'
geschäh',ge|schä|h'
gesell',ge|sell'
geseufz',ge|seufz'
gesind',ge|sind'
gesondertes,ge|son|der|tes
getös',ge|tös'
gewasserten,ge|was|ser|ten
gewogenes,ge|wo|ge|nes
gewähr',ge|währ'
gewölb',ge|wölb'
gewölbetem,ge|wöl|be|tem
gewürg',ge|würg'
geziemts,ge|ziemts
gezucket,ge|zu|cket
gezweig',ge|zweig'
gieriges,gie|ri|ges
glaubt',glaubt'
glänzendweiß,glän|zend|weiß
gnad',gnad'
gold',gold'
graunvolles,graun|voll|es
graus,graus
grenz',grenz'
greuliche,greu|li|che
greulichen,greu|li|chen
grott',grott'
grund',grund'
größ',größ'
götterschar,göt|ter|schar
göttliches,gött|li|ches
gürt',gürt'
hab',hab'
haid',haid'
halbgrauendes,halb|grau|en|des
haliartos,ha|li|ar|tos
hall',hall'
hals',hals'
halt',halt'
hang',hang'
harf',harf'
harr',harr'
hatt',hatt'
haub',haub'
haupt',haupt'
haus',haus'
heb',heb'
heft',heft'
heftiges,hef|ti|ges
heilsweissagendes,heils|weis|sa|gen|des
heimkehr',heim|kehr'
heiß',heiß'
hekatomb',he|ka|tomb'
helf',helf'
herauszieht,her|aus|zieht
herauszog,her|aus|zog
herführ',her|führ'
herkommenden,her|kom|men|den
hermos,her|mos
herrschendes,herr|schen|des
herrscht,herrscht
herschwebtest,her|schweb|test
heut',heut'
hier',hier'
hierhertrieb,hier|her|trieb
hilfest,hil|fest
himmelwagen,him|mel|wa|gen
hinaustrüg',hin|aus|trüg'
hinführo,hin|füh|ro
hingeh',hin|geh'
hinkineend,hin|knie|end
hinknieend,hin|knie|end
hinschwind',hin|schwind'
hinsink',hin|sink'
hinstürz',hin|stürz'
hinwegräum',hin|weg|räum'
hippodamas',hip|po|da|mas'
hocherhabne,hoch|er|hab|ne
hochherziges,hoch|her|zi|ges
hochprangendes,hoch|pran|gen|des
hochtrotzendes,hoch|trot|zen|des
hochwipfliche,hoch|wipf|li|che
hof',hof'
hoff',hoff'
hord',hord'
hyad',hy|ad'
hypeinor,hy|pe|i|nor
hälft',hälft'
hämonid',hä|mo|nid'
häng',häng'
hängenden,hän|gen|den
hätt',hätt'
höh',höh'
höheres,hö|he|res
hör',hör'
hörer,hö|rer
höret',hö|ret'
höreten,hö|re|ten
hüft',hüft'
hüll',hüll'
hüllt,hüllt
hürd',hürd'
ialmenos,i|al|me|nos
ialyssos,i|a|lys|sos
ianeira,i|a|nei|ra
iaolkos,i|a|ol|kos
idagebirg',i|da|ge|birg'
idis,i|dis
ihrenthalb,ihr|ent|halb
imbrasos,im|bra|sos
ingeheim,in|ge|heim
irr',irr'
ithämenes,i|thä|me|nes
jauchzendes,jauch|zen|des
jed',jed'
jungfrauen,jung|frau|en
jüngeres,jün|ge|res
jüngst',jüngst'
kalliaros,kal|li|a|ros
kallinassa,kal|li|nas|sa
kampfeskund',kamp|fes|kund'
kannt',kannt'
kapaneiad',ka|pa|nei|ad'
kapaneïsche,ka|pa|ne|ï|sche
kapaneïschen,ka|pa|ne|ï|schen
kaufen,kau|fen
kaystrios,ka|y|stri|os
kehl',kehl'
kehr',kehr'
kenn',kenn'
ker,ker
klag',klag'
kling',kling'
knab',knab'
knie',knie'
kniee,knie|e
knieen,knie|en
komm',komm'
konnt',konnt'
kostet',kos|tet'
kreis',kreis'
kremna,krem|na
kriegesgetöse,krie|ges|ge|tö|se
kriegrisches,krieg|ri|sches
kriegserfahrung,kriegs|er|fah|rung
kriegsfrohe,kriegs|fro|he
kriegsfrohen,kriegs|fro|hen
kriegsgeschwader,kriegs|ge|schwa|der
kriegsgraun,kriegs|graun
kripp',kripp'
kronid',kro|nid'
krug',krug'
kräusel,kräu|sel
kyparisseïs,ky|pa|ris|se|ïs
käm',käm'
kämpf',kämpf'
könnt',könnt'
köstliches,köst|li|ches
kühnausharrenden,kühn|aus|har|ren|den
küßt,küßt
labeten,la|be|ten
labt',labt'
laertiad',la|er|ti|ad'
land',land'
lang',lang'
langes,lan|ges
langgeschafteten,lang|ge|schaf|te|ten
lanzenkund',lan|zen|kund'
lass',lass'
lauben,lau|ben
lauf',lauf'
laur',laur'
laur't,laur't
laurend,lau|rend
laurende,lau|ren|de
laurenden,lau|ren|den
laurender,lau|ren|der
lautdrohende,laut|dro|hen|de
lautete,lau|te|te
lautjammernd,laut|jam|mernd
lautrufend,laut|ru|fend
leb',leb'
leg',leg'
leib',leib'
leich',leich'
leis',leis'
leit',leit'
lend',lend'
lenk',lenk'
lern',lern'
leug'n,leug'n
leïtos,le|ï|tos
leïtos',le|ï|tos'
lieb',lieb'
lieblichwallenden,lieb|lich|wal|len|den
lieg',lieg'
loh',loh'
lohnet,loh|net
lykierland',ly|kier|land'
läng',läng'
lös',lös'
lösegeschenk,lö|se|ge|schenk
mach,mach
mauren,mau|ren
maurenzertrümmrer,mau|ren|zer|trümm|rer
maß',maß'
meierhof',mei|er|hof'
mein',mein'
meint',meint'
mekisteiad',me|kis|tei|ad'
mekistheus',me|kis|theus'
meld',meld'
meng',meng'
mentes,men|tes
menötiad',me|nö|ti|ad'
merk',merk'
messeïs,mes|se|ïs
minyeïos,mi|ny|e|ï|os
misch',misch'
mitt',mitt'
mocht',mocht'
molligen,mol|li|gen
mord',mord'
mordetest,mor|de|test
mund',mund'
mykalessos,my|ka|les|sos
myrine,my|ri|ne
myrmidonisches,myr|mi|do|ni|sches
myrsinos,myr|si|nos
mähn',mähn'
möcht',möcht'
mög',mög'
müd',müd'
müh',müh'
müßt',müßt'
nachred',nach|red'
nachstürmendes,nach|stür|men|des
nachtrab',nacht|rab'
nagendes,na|gen|des
nah',nah'
nahtest,nah|test
najad',na|jad'
nannt',nannt'
naïs,na|ïs
nehm',nehm'
nelaïschen,ne|la|ï|schen
neleïaden,ne|le|ï|a|den
nereïden,ne|re|ï|den
netz',netz'
nichten,nich|ten
nichtiges,nich|ti|ges
nichtsgeachteten,nichts|ge|ach|te|ten
niederduck',nie|der|duck'
niedergebeugt,nie|der|ge|beugt
niederschlag,nie|der|schlag
niedersteig',nie|der|steig'
noëmon,no|ë|mon
numehr,nu|mehr
nymph',nym|ph'
näh',näh'
nähr',nähr'
ober,o|ber
ochesios,o|che|si|os
offner,off|ner
ohn',ohn'
onchestos,on|che|stos
otreus,ot|re|us
oïleus',o|ï|le|us'
panzergeschmeid',pan|zer|ge|schmeid'
parrhasos,parr|ha|sos
parthenios,par|the|ni|os
peireos,pei|re|os
peleion',pe|lei|on'
pelias,pe|li|as
pergasos,per|ga|sos
perieres,pe|ri|e|res
pfann',pfann'
pfiff',pfiff'
pflanz',pflanz'
pfleg',pfleg'
pfort',pfort'
pheneos,phe|ne|os
phera,phe|ra
philake,phi|la|ke
phtia,phti|a
phtias,phti|as
phtiern,phti|ern
phyleid',phy|leid'
plag',plag'
plejad',ple|jad'
preis',preis'
prothoënor,pro|tho|ë|nor
prothoënors,pro|tho|ë|nors
pythos,py|thos
pytia,py|ti|a
rach',rach'
rag',rag'
rast',rast'
raub',raub'
red',red'
redliches,red|li|ches
reich',reich'
reisgebund,reis|ge|bund
restlichen,rest|li|chen
rhythios,rhy|thi|os
riefs,riefs
ringsumleuchtendes,rings|um|leuch|ten|des
ringsumprallt,rings|um|prallt
ringsverschlossenen,rings|ver|schlos|se|nen
ripe,ri|pe
ritterlich,rit|ter|lich
rossebespannten,ros|se|be|spann|ten
ruchtbare,rucht|ba|re
ruchtbaren,rucht|ba|ren
rufte,ruf|te
ruften,ruf|ten
ruh',ruh'
räch',räch'
räng',räng'
räuchwerk,räuch|werk
röck',röck'
rötliches,röt|li|ches
rühm',rühm'
rüst',rüst'
safrangewand',saf|ran|ge|wand'
sag',sag'
salamins,sa|la|mins
salb',salb'
sanfteingleitender,sanft|ein|glei|ten|der
sangarios,san|ga|ri|os
scepter,scep|ter
scepters,scep|ters
schaff',schaff'
schal',schal'
schalt',schalt'
schand',schand'
scharfklauigen,scharf|klau|i|gen
schau',schau'
scheeles,schee|les
scheib',scheib'
scheid',scheid'
schelt',schelt'
schenk',schenk'
scheu',scheu'
schien',schien'
schimmert',schim|mert'
schirr',schirr'
schlachtfeld',schlacht|feld'
schlachtgefild',schlacht|ge|fild'
schlang',schlang'
schleudert',schleu|dert'
schlüpf',schlüpf'
schmaus',schmaus'
schneid',schneid'
schreckengestalt,schre|cken|ge|stalt
schwad',schwad'
schweiften,schweif|ten
schweig',schweig'
schwell',schwell'
schwellendes,schwel|len|des
schweraufseufzend,schwer|auf|seuf|zend
schwing',schwing'
schwung',schwung'
schwör',schwör'
schwül',schwül'
schärf',schärf'
schöneste,schö|nes|te
schöngeglättet,schön|ge|glät|tet
schönos,schö|nos
seel',seel'
seh',seh'
seit',seit'
selagos,se|la|gos
selleïs,sel|le|ïs
semoeisios,se|mo|ei|si|os
send',send'
sendern,sen|dern
setz',setz'
seufz',seufz'
sieh',sieh'
silbener,sil|be|ner
sitz',sitz'
sollt',sollt'
sonn',sonn'
sorg',sorg'
spang',spang'
speerwurfs,speer|wurfs
speis',speis'
sprach',sprach'
sprachs,sprachs
sprich's,sprich's
springt',springt'
spritzt,spritzt
sprängest,sprän|gest
späh',späh'
spül',spül'
stab',stab'
stampfendes,stamp|fen|des
staub',staub'
staubendem,stau|ben|dem
staubender,stau|ben|der
stauden,stau|den
steckt,steckt
steh',steh'
steig',steig'
stemmigen,stem|mi|gen
sterb',sterb'
steur',steur'
stimm',stimm'
andrämons,an|drä|mons
streb',streb'
streck',streck'
streifendes,strei|fen|des
streuet,streu|et
striem',striem'
strophios,stro|phi|os
stund',stund'
stunden,stun|den
stut',stut'
stürmendes,stür|men|des
stürz',stürz'
säh',säh'
säul',säul'
säß',säß'
sühnhekatomb',sühn|he|ka|tomb'
tadl',tadl'
tamarisk',ta|ma|risk'
tamariskengezweig',ta|ma|ris|ken|ge|zweig'
tapferes,tap|fe|res
tarnende,tar|nen|de
tartsch',tartsch'
taub',taub'
telamonid',te|la|mo|nid'
tendredons,ten|dre||ons
teutamos,teu|ta|mos
thalysios,tha|ly|si|os
themis',the|mis'
thessalos,thes|sa|los
thetys,the|tys
thraka,thra|ka
thronios,thro|ni|os
tief',tief'
tiefbrennenden,tief|bren|nen|den
titanos,ti|ta|nos
tod',tod'
todesgedank',to|des|ge|dank'
tracht',tracht'
trafs,trafs
trag',trag'
trasymedes,tra|sy|me|des
trau',trau'
trauren,trau|ren
traurend,trau|rend
traurende,trau|ren|de
traurenden,trau|ren|den
traurender,trau|ren|der
traurendes,trau|ren|des
treff',treff'
treib',treib'
tret',tret'
troias,tro|i|as
troisches,tro|i|sches
trojas',tro|jas'
trotzendes,trot|zen|des
trotziges,trot|zi|ges
troß,troß
trug',trug'
trugsinnendes,trug|sin|nen|des
träf',träf'
träg',träg'
träges,trä|ges
trän',trän'
tränk',tränk'
trät',trät'
trüb',trüb'
trüg',trüg'
tür',tür'
ulm',ulm'
umfass',um|fass'
umging',um|ging'
umhüll',um|hüll'
umschließ',um|schließ'
umstürmte,um|stürm|te
umwend',um|wend'
umwälz',um|wälz'
unbiegsame,un|bieg|sa|me
unerschrockenes,un|er|schro|cke|nes
unerschüttertes,un|er|schüt|ter|tes
unfreundliches,un|freund|li|ches
ungeschwächtes,un|ge|schwäch|tes
unkriegrisches,un|krieg|ri|sches
unmutiges,un|mu|ti|ges
unmündiges,un|mün|di|ges
unschlüssiges,un|schlüs|si|ges
untadliche,un|tad|li|che
untadlichen,un|tad|li|chen
unverrückt',un|ver|rückt'
unwilliges,un|wil|li|ges
vatergefild',va|ter|ge|fild'
vaterland',va|ter|land'
verachtungswert,ver|ach|tungs|wert
verarg',ver|arg'
verberg',ver|berg'
verbirg',ver|birg'
verbrannt',ver|brannt'
verbrenn',ver|brenn'
verderb',ver|derb'
vergäß',ver|gäß'
vergönn',ver|gönn'
verhaucht',ver|haucht'
verheerenden,ver|hee|ren|den
verhehrte,ver|hehr|te
verheiß',ver|heiß'
verhäng',ver|häng'
verkünd',ver|künd'
verlang',ver|lang'
verleih',ver|leih'
vermut',ver|mut'
vermöcht',ver|möcht'
vernahmens,ver|nah|mens
vernehm',ver|nehm'
versagtet,ver|sag|tet
versandt',ver|sandt'
verschlang',ver|schlang'
verschläng',ver|schläng'
verschmäh',ver|schmäh'
verschmähet,ver|schmä|het
verschwinde,ver|schwin|de
versprengen,ver|spren|gen
verstatt',ver|statt'
verständiges,ver|stän|di|ges
versuch',ver|such'
versuchtes,ver|such|tes
versunken,ver|sun|ken
verteilet,ver|tei|let
verwund',ver|wund'
viel',viel'
volk',volk'
vollblühendes,voll|blü|hen|des
vorangeh',vor|an|geh'
vordrängenden,vor|drän|gen|den
vorragt,vor|ragt
vorstrand',vor|strand'
wag',wag'
wagenkund',wa|gen|kund'
walt',walt'
wandert,wan|dert
wandert',wan|dert'
wandl',wandl'
wandr',wandr'
wankendes,wan|ken|des
wart',wart'
wartende,war|ten|de
wartenden,war|ten|den
wartest,war|test
warz',warz'
wasserdürftigen,was|ser|dürf|ti|gen
wegdräng',wegdräng'
wegfährst,weg|fährst
weh',weh'
wehklag',weh|klag'
weib',weib'
weich',weich'
weid',weid'
weih',weih'
weis',weis'
weitbewohnten,weit|be|wohn|ten
weitgefaltet,weit|ge|fal|tet
weißwolliges,weiß|wol|li|ges
werd',werd'
widereinander,wi|der|ein|an|der
wies',wies'
wilderes,wil|de|res
will',will'
willfahr',will|fahr'
willfähriges,will|fäh|ri|ges
wink',wink'
winkt,winkt
wog',wog'
wohlbehaltenes,wohl|be|hal|te|nes
wolk',wolk'
woll',woll'
wollt',wollt'
wonn',wonn'
wund',wund'
wutfunkelndes,wut|fun|keln|des
wußt',wußt'
wähl',wähl'
wählt,wählt
währenden,wäh|ren|den
wär',wär'
wünsch',wünsch'
würf',würf'
wüstes,wüs|tes
zag',zag'
zappelt',zap|pelt'
zauder',zau|der'
zeig',zeig'
zermalm',zer|malm'
zerrissenes,zer|ris|se|nes
zerschmettr',zer|schmettr'
zeug',zeug'
zieg',zieg'
zorniges,zor|ni|ges
zucke,zu|cke
zuckenden,zu|cken|den
zug',zug'
zung',zung'
zweifaches,zwei|fa|ches
zwiefaches,zwie|fa|ches
zähm',zähm'
zög',zög'
zürnendes,zür|nen|des
ägeus,ä|geus
ägyptos,ä|gyp|tos
ähnliches,ähn|li|ches
önops,ö|nops
ösen,ö|sen
ötylos,ö|ty|los
übeles,ü|be|les
übermütiges,ü|ber|mü|ti|ges
überreicht,ü|ber|reicht
üppiges,üp|pi|ges
weitaufrauschenden,weit|auf|rau|schen|den
aufrauschenden,auf|rau|schen|den
eidschwur,eid|schwur
thestor,thes|tor
thestors,thes|tors
thestoride,thes|to|ri|de
darum,da|rum
thebäos,the|bä|os
diokles,di|o|kles
dickicht,di|ckicht
apisaon,a|pi|sa|on
aräthyreens,a|rä|thy|re|ens
peneleos,pe|ne|le|os
eos,e|os
daran,da|ran